{"stats":{"minecraft:dropped":{"minecraft:oak_sapling":1},"minecraft:custom":{"minecraft:crouch_one_cm":359,"minecraft:time_since_rest":38074,"minecraft:damage_taken":90,"minecraft:sprint_one_cm":70139,"minecraft:play_time":38074,"minecraft:walk_one_cm":22800,"minecraft:sneak_time":391,"minecraft:walk_under_water_one_cm":55,"minecraft:mob_kills":1,"minecraft:drop":1,"minecraft:jump":553,"minecraft:damage_dealt":311,"minecraft:leave_game":2,"minecraft:time_since_death":38074,"minecraft:walk_on_water_one_cm":285,"minecraft:total_world_time":38074,"minecraft:climb_one_cm":42,"minecraft:fall_one_cm":1127,"minecraft:fly_one_cm":646739,"minecraft:inspect_dispenser":2,"minecraft:open_chest":1},"minecraft:killed":{"minecraft:zombie":1},"minecraft:picked_up":{"minecraft:stick":1,"minecraft:redstone_torch":1,"minecraft:oak_sapling":1},"minecraft:used":{"minecraft:yellow_wool":3,"minecraft:soul_lantern":1,"minecraft:mossy_cobblestone_stairs":2,"minecraft:oak_fence":2,"minecraft:lever":2,"minecraft:torch":4,"minecraft:birch_trapdoor":2,"minecraft:diamond_sword":4,"minecraft:mossy_cobblestone":2,"minecraft:soul_sand":2,"minecraft:redstone":3,"minecraft:crimson_hyphae":5,"minecraft:stone_pressure_plate":4,"minecraft:stone":2,"minecraft:netherite_sword":1,"minecraft:redstone_torch":3}},"DataVersion":3700}