{"stats":{"minecraft:dropped":{"minecraft:oak_sapling":1},"minecraft:custom":{"minecraft:jump":365,"minecraft:time_since_rest":14074,"minecraft:play_time":14074,"minecraft:leave_game":2,"minecraft:sprint_one_cm":23207,"minecraft:damage_taken":60,"minecraft:time_since_death":14074,"minecraft:walk_one_cm":2586,"minecraft:sneak_time":179,"minecraft:climb_one_cm":42,"minecraft:total_world_time":14074,"minecraft:fall_one_cm":858,"minecraft:drop":1,"minecraft:fly_one_cm":429083},"minecraft:picked_up":{"minecraft:stick":1,"minecraft:oak_sapling":1}},"DataVersion":3700}