{"stats":{"minecraft:dropped":{"minecraft:oak_sapling":1},"minecraft:custom":{"minecraft:crouch_one_cm":359,"minecraft:time_since_rest":26074,"minecraft:damage_taken":60,"minecraft:sprint_one_cm":51363,"minecraft:play_time":26074,"minecraft:walk_one_cm":15347,"minecraft:sneak_time":383,"minecraft:walk_under_water_one_cm":55,"minecraft:drop":1,"minecraft:jump":484,"minecraft:leave_game":2,"minecraft:time_since_death":26074,"minecraft:walk_on_water_one_cm":285,"minecraft:total_world_time":26074,"minecraft:climb_one_cm":42,"minecraft:fall_one_cm":1127,"minecraft:fly_one_cm":612920},"minecraft:picked_up":{"minecraft:stick":1,"minecraft:oak_sapling":1},"minecraft:used":{"minecraft:yellow_wool":3,"minecraft:soul_lantern":1,"minecraft:mossy_cobblestone_stairs":2,"minecraft:oak_fence":2,"minecraft:lever":2,"minecraft:torch":4,"minecraft:birch_trapdoor":2,"minecraft:mossy_cobblestone":2,"minecraft:soul_sand":2,"minecraft:redstone":3,"minecraft:stone":1}},"DataVersion":3700}